{
  "project_info": {
    "project_number": "611878353926",
    "firebase_url": "https://fir-b8f9d.firebaseio.com",
    "project_id": "fir-b8f9d",
    "storage_bucket": "fir-b8f9d.appspot.com"
  },
  "client": [
    {
      "client_info": {
        "mobilesdk_app_id": "1:611878353926:android:1b7829f2ac180d28",
        "android_client_info": {
          "package_name": "com.example.firebase"
        }
      },
      "oauth_client": [
        {
          "client_id": "611878353926-994mmb119dihhv9t4j6pc0gj909e9mvm.apps.googleusercontent.com",
          "client_type": 1,
          "android_info": {
            "package_name": "com.example.firebase",
            "certificate_hash": "9a7762eb69c6224a072d7b5b40e34539fe7bc9a9"
          }
        },
        {
          "client_id": "611878353926-rkjcbpktp7olbub7hq78o7ufv6ho0bea.apps.googleusercontent.com",
          "client_type": 3
        }
      ],
      "api_key": [
        {
          "current_key": "AIzaSyBJZ_KkFqj851An_B-TlA2cRPlOKpuxt5c"
        }
      ],
      "services": {
        "appinvite_service": {
          "other_platform_oauth_client": [
            {
              "client_id": "611878353926-rkjcbpktp7olbub7hq78o7ufv6ho0bea.apps.googleusercontent.com",
              "client_type": 3
            }
          ]
        }
      }
    }
  ],
  "configuration_version": "1"
}