{
  "project_info": {
    "project_number": "164223028969",
    "firebase_url": "https://fir-2-d8e0d.firebaseio.com",
    "project_id": "fir-2-d8e0d",
    "storage_bucket": "fir-2-d8e0d.appspot.com"
  },
  "client": [
    {
      "client_info": {
        "mobilesdk_app_id": "1:164223028969:android:b983d651c89ea0ab",
        "android_client_info": {
          "package_name": "com.example.firebase2"
        }
      },
      "oauth_client": [
        {
          "client_id": "164223028969-v9c49p9rp81euu98pus84vrcigvoescm.apps.googleusercontent.com",
          "client_type": 1,
          "android_info": {
            "package_name": "com.example.firebase2",
            "certificate_hash": "9a7762eb69c6224a072d7b5b40e34539fe7bc9a9"
          }
        },
        {
          "client_id": "164223028969-suis1qb6eqqinj4ik1dmc7prqvirgdei.apps.googleusercontent.com",
          "client_type": 3
        }
      ],
      "api_key": [
        {
          "current_key": "AIzaSyDmhY5-7FhaJSXyqsA86HwUH0MtXRkN76I"
        }
      ],
      "services": {
        "appinvite_service": {
          "other_platform_oauth_client": [
            {
              "client_id": "164223028969-suis1qb6eqqinj4ik1dmc7prqvirgdei.apps.googleusercontent.com",
              "client_type": 3
            }
          ]
        }
      }
    }
  ],
  "configuration_version": "1"
}