{
  "project_info": {
    "project_number": "104879742353",
    "firebase_url": "https://drag1-ba454.firebaseio.com",
    "project_id": "drag1-ba454",
    "storage_bucket": "drag1-ba454.appspot.com"
  },
  "client": [
    {
      "client_info": {
        "mobilesdk_app_id": "1:104879742353:android:5006b278fc1dde25",
        "android_client_info": {
          "package_name": "com.example.drag1"
        }
      },
      "oauth_client": [
        {
          "client_id": "104879742353-r5v9nkdvefdsqh708llq5sp7l6tbkjc1.apps.googleusercontent.com",
          "client_type": 1,
          "android_info": {
            "package_name": "com.example.drag1",
            "certificate_hash": "9a7762eb69c6224a072d7b5b40e34539fe7bc9a9"
          }
        },
        {
          "client_id": "104879742353-cstuaolpvkv8n64d2h60c10os2c560pl.apps.googleusercontent.com",
          "client_type": 3
        }
      ],
      "api_key": [
        {
          "current_key": "AIzaSyAlQ4c_aCmcgKfhL-aD0WLOHADgci2RVoQ"
        }
      ],
      "services": {
        "appinvite_service": {
          "other_platform_oauth_client": [
            {
              "client_id": "104879742353-cstuaolpvkv8n64d2h60c10os2c560pl.apps.googleusercontent.com",
              "client_type": 3
            }
          ]
        }
      }
    }
  ],
  "configuration_version": "1"
}