{
  "project_info": {
    "project_number": "984444369336",
    "firebase_url": "https://myapplication2-bd96d.firebaseio.com",
    "project_id": "myapplication2-bd96d",
    "storage_bucket": "myapplication2-bd96d.appspot.com"
  },
  "client": [
    {
      "client_info": {
        "mobilesdk_app_id": "1:984444369336:android:13c3c6a65bcbec53",
        "android_client_info": {
          "package_name": "com.example.myapplication"
        }
      },
      "oauth_client": [
        {
          "client_id": "984444369336-r172p538pskhihsq1u0h8ofmfegtp7dm.apps.googleusercontent.com",
          "client_type": 1,
          "android_info": {
            "package_name": "com.example.myapplication",
            "certificate_hash": "9a7762eb69c6224a072d7b5b40e34539fe7bc9a9"
          }
        },
        {
          "client_id": "984444369336-vmmrj6k9ntbbsff3go1pkrslroe79hk3.apps.googleusercontent.com",
          "client_type": 3
        }
      ],
      "api_key": [
        {
          "current_key": "AIzaSyBKO3f1zvSYp_mo5oRleo41Yxy01iXzrDI"
        }
      ],
      "services": {
        "appinvite_service": {
          "other_platform_oauth_client": [
            {
              "client_id": "984444369336-vmmrj6k9ntbbsff3go1pkrslroe79hk3.apps.googleusercontent.com",
              "client_type": 3
            }
          ]
        }
      }
    }
  ],
  "configuration_version": "1"
}